title,companyName,location,link
각 부문별,컬리,서울 강남구,https://kr.indeed.com/%EC%B1%84%EC%9A%A9%EB%B3%B4%EA%B8%B0?jk=84329a66291839cd
[카카오커머스] 기술직군,카카오커머스,성남 분당구,https://kr.indeed.com/%EC%B1%84%EC%9A%A9%EB%B3%B4%EA%B8%B0?jk=2b9e604e63e7e46d
"커머스 플랫폼 개발자 (Frontend - JavaScript, React)",컬리,서울 강남구,https://kr.indeed.com/%EC%B1%84%EC%9A%A9%EB%B3%B4%EA%B8%B0?jk=06fd0ac8565b634d
"파트너 플랫폼 개발자 (프론트엔드 - Javascript, React)",컬리,서울 강남구,https://kr.indeed.com/%EC%B1%84%EC%9A%A9%EB%B3%B4%EA%B8%B0?jk=f8f0ef7b1561305d
SOFTWARE ENGINEER - FRONTEND,"ODK Media, Inc.",서울,https://kr.indeed.com/%EC%B1%84%EC%9A%A9%EB%B3%B4%EA%B8%B0?jk=463c61239617b013
Front-End React 개발자 모집,엔씨소프트,성남 판교역,https://kr.indeed.com/%EC%B1%84%EC%9A%A9%EB%B3%B4%EA%B8%B0?jk=3e6a3d1ff17c7781
(주)노랑풍선 전사 IT 부문(개발자 외) 경력직,노랑풍선,서울 중구,https://kr.indeed.com/%EC%B1%84%EC%9A%A9%EB%B3%B4%EA%B8%B0?jk=d9b640665f21b5f2
웹 프론트엔드( React) 개발자,쿼렌시스,서울 성동구,https://kr.indeed.com/%EC%B1%84%EC%9A%A9%EB%B3%B4%EA%B8%B0?jk=664adfb63189e24d
"[로봇개발본부(판교근무)] 각 분야별 (백엔드, WEB APP 개발, APP 개발)",트위니,성남 분당구,https://kr.indeed.com/%EC%B1%84%EC%9A%A9%EB%B3%B4%EA%B8%B0?jk=46253fd5b203d931
모바일 앱 엔지니어,RIDI Corp,서울,https://kr.indeed.com/%EC%B1%84%EC%9A%A9%EB%B3%B4%EA%B8%B0?jk=08b8bee222e3df20
(주) 패스트림 React 웹 개발자,패스트림,서울 서초구,https://kr.indeed.com/%EC%B1%84%EC%9A%A9%EB%B3%B4%EA%B8%B0?jk=ccce757f9470d07d
프론트엔드 엔지니어,RIDI Corp,서울,https://kr.indeed.com/%EC%B1%84%EC%9A%A9%EB%B3%B4%EA%B8%B0?jk=e56413d304831a5e
[TmaxOffice/R&D] Web App 서비스 개발자,티맥스소프트,성남 분당구,https://kr.indeed.com/%EC%B1%84%EC%9A%A9%EB%B3%B4%EA%B8%B0?jk=d02b99a516b61ed3
기간제 직원 채용[RA테스트베드 공표시스템 운용],코스콤,서울 여의도,https://kr.indeed.com/%EC%B1%84%EC%9A%A9%EB%B3%B4%EA%B8%B0?jk=42afa6674e4089a6
React / React Native / javascript 개발자(신입/경력),블록오디세이,서울 강남구,https://kr.indeed.com/%EC%B1%84%EC%9A%A9%EB%B3%B4%EA%B8%B0?jk=4f7d8dd1ca5a456b
[모바일게임 개발사] 메타버스 *** 프론트엔드 개발자,커리어라임즈,성남 분당구,https://kr.indeed.com/%EC%B1%84%EC%9A%A9%EB%B3%B4%EA%B8%B0?jk=54459ba67c46d6db
"웹기획, UI·UX디자인 외 신입/경력 정규직, 계약직, 프리랜서",프레임아웃,서울 강남구,https://kr.indeed.com/%EC%B1%84%EC%9A%A9%EB%B3%B4%EA%B8%B0?jk=97ddc5dae28d53da
[TmaxWAPL/R&D] WAPL 개발자,티맥스소프트,성남 분당구,https://kr.indeed.com/%EC%B1%84%EC%9A%A9%EB%B3%B4%EA%B8%B0?jk=d97850fe3331afff
[카카오 클라우드] 카카오 클라우드 프론트엔드 개발자 모집,카카오,성남 판교역,https://kr.indeed.com/%EC%B1%84%EC%9A%A9%EB%B3%B4%EA%B8%B0?jk=89b6f46310e70a4a
프론트엔드(REACT) 경력 정규직,넥스트커리어,서울 강남구,https://kr.indeed.com/%EC%B1%84%EC%9A%A9%EB%B3%B4%EA%B8%B0?jk=488aa0da8843c327
[TmaxAI/R&D] NLP(자연어/문서/음성)부문 개발자,티맥스소프트,성남 분당구,https://kr.indeed.com/%EC%B1%84%EC%9A%A9%EB%B3%B4%EA%B8%B0?jk=5fa942bd615ebd27
[TmaxEdu/R&D] 연구 개발자,티맥스소프트,성남 분당구,https://kr.indeed.com/%EC%B1%84%EC%9A%A9%EB%B3%B4%EA%B8%B0?jk=cb4eca654b2c2901
Financial Controllership Analyst,Baker Hughes,경기도 성남,https://kr.indeed.com/%EC%B1%84%EC%9A%A9%EB%B3%B4%EA%B8%B0?jk=4da38c4cc390166d
프론트엔드 개발자 (Frontend Engineer) 증권플러스 서비스 개발,두나무,서울 강남구,https://kr.indeed.com/%EC%B1%84%EC%9A%A9%EB%B3%B4%EA%B8%B0?jk=1e4cb297ee0f40af
[TmaxSoft/R&D] 미들웨어 부문 개발자,티맥스소프트,성남 분당구,https://kr.indeed.com/%EC%B1%84%EC%9A%A9%EB%B3%B4%EA%B8%B0?jk=255fadb445814944
"[TmaxMetaverse/R&D] 게임 엔진, 게임 서버, 메타버스 스튜디오 개발자",티맥스소프트,성남 분당구,https://kr.indeed.com/%EC%B1%84%EC%9A%A9%EB%B3%B4%EA%B8%B0?jk=b9d4defa6e2b7739
[카카오 클라우드] 컨테이너 클라우드 개발자 모집,카카오,성남 판교역,https://kr.indeed.com/%EC%B1%84%EC%9A%A9%EB%B3%B4%EA%B8%B0?jk=efe1812b2d591393
Financial Analyst,Oracle,서울,https://kr.indeed.com/%EC%B1%84%EC%9A%A9%EB%B3%B4%EA%B8%B0?jk=de5f6338cb8c7ae6
[SNOW] Server 백엔드 개발자,스노우,성남 분당구,https://kr.indeed.com/%EC%B1%84%EC%9A%A9%EB%B3%B4%EA%B8%B0?jk=12a39b4a0e2f38d9
카카오 전체의 계정 플랫폼을 만들 서버개발자 모집,카카오,성남 판교역,https://kr.indeed.com/%EC%B1%84%EC%9A%A9%EB%B3%B4%EA%B8%B0?jk=1399ee2f387a27dd
"프론트엔드, 백엔드, Java·JSP 신입,경력사원",틴텍씨앤씨,서울 강서구,https://kr.indeed.com/%EC%B1%84%EC%9A%A9%EB%B3%B4%EA%B8%B0?jk=29e80c7685907ed5
UI마크업 개발자,NHN SOFT,성남 판교역,https://kr.indeed.com/%EC%B1%84%EC%9A%A9%EB%B3%B4%EA%B8%B0?jk=923e16ab9576b28c
프론트엔드 개발자,당근마켓,서울 서초구,https://kr.indeed.com/%EC%B1%84%EC%9A%A9%EB%B3%B4%EA%B8%B0?jk=3611c7914f6c829e
Datacenter Engineer,Oracle,서울,https://kr.indeed.com/%EC%B1%84%EC%9A%A9%EB%B3%B4%EA%B8%B0?jk=a692f83229bd339f
Cross Border Ecommerce - Team Assistant (Based in Seoul),Shopee,서울,https://kr.indeed.com/%EC%B1%84%EC%9A%A9%EB%B3%B4%EA%B8%B0?jk=ef847388cd119b0b
[SNOW] Server 백엔드 개발자,네이버,서울,https://kr.indeed.com/%EC%B1%84%EC%9A%A9%EB%B3%B4%EA%B8%B0?jk=28a163cee46d9d61
카카오 디스플레이(비즈보드) 광고 플랫폼 개발자 모집,카카오,성남 판교역,https://kr.indeed.com/%EC%B1%84%EC%9A%A9%EB%B3%B4%EA%B8%B0?jk=8864f0785e6b8c9d
[TmaxOS/R&D] OS부문 개발자,티맥스소프트,성남 분당구,https://kr.indeed.com/%EC%B1%84%EC%9A%A9%EB%B3%B4%EA%B8%B0?jk=75c17bc2904bba52
비즈개발실 서버 개발자 모집,카카오,성남 판교역,https://kr.indeed.com/%EC%B1%84%EC%9A%A9%EB%B3%B4%EA%B8%B0?jk=736eb193e417cee2
Frontend Engineer,Riiid Labs,서울,https://kr.indeed.com/%EC%B1%84%EC%9A%A9%EB%B3%B4%EA%B8%B0?jk=3df99317c0531279
미래전략추진실 데이터 분석 플랫폼 개발자 모집,카카오,성남 판교역,https://kr.indeed.com/%EC%B1%84%EC%9A%A9%EB%B3%B4%EA%B8%B0?jk=341925e229fc5738
아이들나라 Front-End 개발자,LG유플러스,서울특별시,https://kr.indeed.com/%EC%B1%84%EC%9A%A9%EB%B3%B4%EA%B8%B0?jk=ac9640e36223a420
웹 프론트엔드 엔지니어,Nearthlab,서울 역삼역,https://kr.indeed.com/%EC%B1%84%EC%9A%A9%EB%B3%B4%EA%B8%B0?jk=34d74e4ff3618f1a
WebRTC UC & Collaboration Frontend & Backend Developer,Ericsson,서울,https://kr.indeed.com/%EC%B1%84%EC%9A%A9%EB%B3%B4%EA%B8%B0?jk=4ea78a5fc824bb1e
React (리액트) Node.js (노드) 기반 Frontend (프론트앤드) 개발자,커리어4.0,경기도 화성,https://kr.indeed.com/%EC%B1%84%EC%9A%A9%EB%B3%B4%EA%B8%B0?jk=25fb0bcc307145ae
[신입/경력] 모바일/웹 개발자 정규직,블랍스,서울 강남구,https://kr.indeed.com/%EC%B1%84%EC%9A%A9%EB%B3%B4%EA%B8%B0?jk=bde56f46af4e9a3a
"R&D Engineer, Sr II (1 year Contract)",Synopsys,서울,https://kr.indeed.com/%EC%B1%84%EC%9A%A9%EB%B3%B4%EA%B8%B0?jk=310ec77961b77d2a
백엔드 개발자(C# 또는 Node.js),프론티,서울 마포구,https://kr.indeed.com/%EC%B1%84%EC%9A%A9%EB%B3%B4%EA%B8%B0?jk=40a17b6a0c1dffe3
".NET, C#, React, 프론트엔드, 백엔드 외 신입/경력 정규직",디포커스,서울 성동구,https://kr.indeed.com/%EC%B1%84%EC%9A%A9%EB%B3%B4%EA%B8%B0?jk=d32c39cd2f3c0f33
프론트엔드개발자 신입 정규직,더빙팩토리,서울 관악구,https://kr.indeed.com/%EC%B1%84%EC%9A%A9%EB%B3%B4%EA%B8%B0?jk=c0c9f266568f250c
여행 좋아하는 주니어 개발자,메리홀리데이,서울 강남구,https://kr.indeed.com/%EC%B1%84%EC%9A%A9%EB%B3%B4%EA%B8%B0?jk=bcb66193e91fee96
2월 11번가 Backend 개발 경력공채,십일번가,서울 중구,https://kr.indeed.com/%EC%B1%84%EC%9A%A9%EB%B3%B4%EA%B8%B0?jk=cae856b09262a4bb
Frontend 개발자,플리토,서울 강남구,https://kr.indeed.com/%EC%B1%84%EC%9A%A9%EB%B3%B4%EA%B8%B0?jk=cb85566aedd4d1cf
"css, 웹퍼블리셔(HTML코딩) 외 경력 정규직",에이피서비스,서울 강남구,https://kr.indeed.com/%EC%B1%84%EC%9A%A9%EB%B3%B4%EA%B8%B0?jk=2dbe4c7e2066d839
Front-End 개발자 (인재 Pool),LG유플러스,서울특별시,https://kr.indeed.com/%EC%B1%84%EC%9A%A9%EB%B3%B4%EA%B8%B0?jk=da008a27aff6bb44
프론트엔드 웹 개발자,펄핏,서울 강남구,https://kr.indeed.com/%EC%B1%84%EC%9A%A9%EB%B3%B4%EA%B8%B0?jk=9ba2af0dadae83c3
Web Front-End Engineer,뱅크샐러드,서울 영등포구,https://kr.indeed.com/%EC%B1%84%EC%9A%A9%EB%B3%B4%EA%B8%B0?jk=b200aad8187f4974
[TmaxTibero/R&D] 데이터 분석 플랫폼 프론트 개발자,티맥스소프트,성남 분당구,https://kr.indeed.com/%EC%B1%84%EC%9A%A9%EB%B3%B4%EA%B8%B0?jk=eb81f42581e62f15
Data Scientist (IBM Client Engineering),IBM,서울,https://kr.indeed.com/%EC%B1%84%EC%9A%A9%EB%B3%B4%EA%B8%B0?jk=5a1932132530e651
카카오같이가치 웹개발자 모집,카카오,성남 판교역,https://kr.indeed.com/%EC%B1%84%EC%9A%A9%EB%B3%B4%EA%B8%B0?jk=477699d69802e349
[텐일레븐] 2021 전문연구요원,텐일레븐,서울 마포구,https://kr.indeed.com/%EC%B1%84%EC%9A%A9%EB%B3%B4%EA%B8%B0?jk=1cfcad810cb2e203
[Vision AI] Front-end 개발자 모집,엔씨소프트,성남 판교역,https://kr.indeed.com/%EC%B1%84%EC%9A%A9%EB%B3%B4%EA%B8%B0?jk=f49d76ad223cd4c4
AI 서비스 Front-End 개발자 모집,엔씨소프트,성남 판교역,https://kr.indeed.com/%EC%B1%84%EC%9A%A9%EB%B3%B4%EA%B8%B0?jk=f5baec1f82239e1a
Web(java) 개발자,㈜윌러스,서울 서초구,https://kr.indeed.com/%EC%B1%84%EC%9A%A9%EB%B3%B4%EA%B8%B0?jk=1e8f0b538415febe
APP 개발자(react native),더트라이브,과천 과천시,https://kr.indeed.com/%EC%B1%84%EC%9A%A9%EB%B3%B4%EA%B8%B0?jk=44555f028d57be1e
React 개발 / 사원급(자동차 부품 제조 대기업),유어사이드,성남 분당구,https://kr.indeed.com/%EC%B1%84%EC%9A%A9%EB%B3%B4%EA%B8%B0?jk=09908764b8bb0fbe
카카오 사용자 인터랙션 연구 개발,카카오,성남 판교역,https://kr.indeed.com/%EC%B1%84%EC%9A%A9%EB%B3%B4%EA%B8%B0?jk=0ca5a9b1ac697fb3
프론트엔드 개발자 (스마트프런트팀),야놀자,서울 강남구,https://kr.indeed.com/%EC%B1%84%EC%9A%A9%EB%B3%B4%EA%B8%B0?jk=85b633432fdc315d
Frontend Developer,아우름플래닛,서울 마포구,https://kr.indeed.com/%EC%B1%84%EC%9A%A9%EB%B3%B4%EA%B8%B0?jk=2c424681fddd90dc
(주)데이터누리 프론트엔드 개발자 정규직,데이터누리,서울 강서구,https://kr.indeed.com/%EC%B1%84%EC%9A%A9%EB%B3%B4%EA%B8%B0?jk=b2f982d4b8b2c563
"[협업툴] Front-End 개발(javascript, React.js, React Native 중, 하나)",콜라비팀,서울 강남구,https://kr.indeed.com/%EC%B1%84%EC%9A%A9%EB%B3%B4%EA%B8%B0?jk=04bfd9f54ac86232
Front-end Software Engineer - Korea,MOLOCO,서울 강남구,https://kr.indeed.com/%EC%B1%84%EC%9A%A9%EB%B3%B4%EA%B8%B0?jk=a8fd53d000c5ffcc
Developer / Designer recruit,마이뮤직테이스트,서울 논현동,https://kr.indeed.com/%EC%B1%84%EC%9A%A9%EB%B3%B4%EA%B8%B0?jk=55a19c92c845685e
프론트엔드(Front-end) 개발자님 정중히 (react-native),위솝,서울 마포구,https://kr.indeed.com/%EC%B1%84%EC%9A%A9%EB%B3%B4%EA%B8%B0?jk=b226536a79e18737
[경력] 하둡 플랫폼 서비스 개발자 모집,카카오,성남 판교역,https://kr.indeed.com/%EC%B1%84%EC%9A%A9%EB%B3%B4%EA%B8%B0?jk=8fa17c6073918c5b
클라이언트 개발자 FrontEnd Developer,에스제이에이치스튜디오,서울 역삼동,https://kr.indeed.com/%EC%B1%84%EC%9A%A9%EB%B3%B4%EA%B8%B0?jk=4889d2814b462d35
[웹젠] 프론트엔드 개발(경력),웹젠,성남 분당구,https://kr.indeed.com/%EC%B1%84%EC%9A%A9%EB%B3%B4%EA%B8%B0?jk=5c5bc545bd2e2120
React Native Developer,아우름플래닛,서울 마포구,https://kr.indeed.com/%EC%B1%84%EC%9A%A9%EB%B3%B4%EA%B8%B0?jk=59c9ee6a635c251a
[플랫폼개발팀] Frontend 개발자 경력채용,한화그룹,서울,https://kr.indeed.com/%EC%B1%84%EC%9A%A9%EB%B3%B4%EA%B8%B0?jk=d5ea7fa62d3b9f1a
데이터 분석플랫폼 웹개발자 모집,카카오,성남 판교역,https://kr.indeed.com/%EC%B1%84%EC%9A%A9%EB%B3%B4%EA%B8%B0?jk=fc4db69911802ead
[모바일게임 개발사] 툴 개발 프로그래머,커리어라임즈,성남 분당구,https://kr.indeed.com/%EC%B1%84%EC%9A%A9%EB%B3%B4%EA%B8%B0?jk=c4155dc84cd893d0
React Native Developer (Global),Toss,서울,https://kr.indeed.com/%EC%B1%84%EC%9A%A9%EB%B3%B4%EA%B8%B0?jk=9479b6a8a43d32f0
"MCS2본부 -연결 회계, 관리회계, 그룹 경영관리, 마이크로소프트 및 IT컨설턴트 채용",삼정 KPMG,서울 강남구,https://kr.indeed.com/%EC%B1%84%EC%9A%A9%EB%B3%B4%EA%B8%B0?jk=82ce761572e73bd2
자동테스트 시스템 개발을 위한 서버 프로그래머 모집,엔씨소프트,성남 판교역,https://kr.indeed.com/%EC%B1%84%EC%9A%A9%EB%B3%B4%EA%B8%B0?jk=1764b6df8505028e
Web FrontEnd개발자 모집,알서포트,서울 몽촌토성역,https://kr.indeed.com/%EC%B1%84%EC%9A%A9%EB%B3%B4%EA%B8%B0?jk=325fdeb1c842ea48
e-스포츠 서비스개발 및 운영,아프리카TV,경기도 성남,https://kr.indeed.com/%EC%B1%84%EC%9A%A9%EB%B3%B4%EA%B8%B0?jk=c308cc7324784382
2021년 수시 - 웹 개발,로보티즈,서울 강서구,https://kr.indeed.com/%EC%B1%84%EC%9A%A9%EB%B3%B4%EA%B8%B0?jk=203c452dea9222e3
유명 주식투자 정보제공 기업 앱개발(iOS/Android) 프리랜서,인파트너스,서울 서초구,https://kr.indeed.com/%EC%B1%84%EC%9A%A9%EB%B3%B4%EA%B8%B0?jk=fb3e517e2dab6d6b
(주)작당모의 앱 개발자,작당모의,서울 서초구,https://kr.indeed.com/%EC%B1%84%EC%9A%A9%EB%B3%B4%EA%B8%B0?jk=bec33b19427238a4
프론트엔드 파운트 개발자 (현재 급여 이상 보장),파운트,서울 충정로역,https://kr.indeed.com/%EC%B1%84%EC%9A%A9%EB%B3%B4%EA%B8%B0?jk=4a0ddfbfc4a11dd0
IT분야 경력사원 채용,한솔홈데코,서울 신대방동,https://kr.indeed.com/%EC%B1%84%EC%9A%A9%EB%B3%B4%EA%B8%B0?jk=d0c0a7e84647a731
플랫폼서비스 웹서비스 개발,아프리카TV,경기도 성남,https://kr.indeed.com/%EC%B1%84%EC%9A%A9%EB%B3%B4%EA%B8%B0?jk=feb5b5e9e1e2bfe0
DB Engineer 모집,카카오,성남 판교역,https://kr.indeed.com/%EC%B1%84%EC%9A%A9%EB%B3%B4%EA%B8%B0?jk=9d2eee513761aded
신사업 경력직 채용[수소],현대글로비스,서울 역삼동,https://kr.indeed.com/%EC%B1%84%EC%9A%A9%EB%B3%B4%EA%B8%B0?jk=a320f1de4b2555d4
기간제 직원 채용[행정지원],코스콤,서울 여의도,https://kr.indeed.com/%EC%B1%84%EC%9A%A9%EB%B3%B4%EA%B8%B0?jk=252d6d6a0a8da763
3분기 자동화CIC 신입/경력 채용[R&D],LS일렉트릭,안양 동안구,https://kr.indeed.com/%EC%B1%84%EC%9A%A9%EB%B3%B4%EA%B8%B0?jk=6f6c77e512aa0fed
크로스플랫폼 (React Native App) 개발자,에임메드,서울 강남구,https://kr.indeed.com/%EC%B1%84%EC%9A%A9%EB%B3%B4%EA%B8%B0?jk=e7abfe75808ecb33
[라프텔] 프론트엔드 엔지니어,RIDI Corp,서울,https://kr.indeed.com/%EC%B1%84%EC%9A%A9%EB%B3%B4%EA%B8%B0?jk=8876914f28d2c55f
[TmaxAI/R&D] AI & FinTech 부문 프론트엔드 개발자,티맥스소프트,성남 분당구,https://kr.indeed.com/%EC%B1%84%EC%9A%A9%EB%B3%B4%EA%B8%B0?jk=43835708050a81c8
Solana Dapp Developer,MIND AI,서울,https://kr.indeed.com/%EC%B1%84%EC%9A%A9%EB%B3%B4%EA%B8%B0?jk=72c3de496b865cfb
[TmaxAI/R&D] AI & FinTech 부문 프론트엔드 개발자,티맥스소프트,성남 분당구,https://kr.indeed.com/%EC%B1%84%EC%9A%A9%EB%B3%B4%EA%B8%B0?jk=43835708050a81c8
[경력] 하둡 플랫폼 서비스 개발자 모집,카카오,성남 판교역,https://kr.indeed.com/%EC%B1%84%EC%9A%A9%EB%B3%B4%EA%B8%B0?jk=8fa17c6073918c5b
프론트엔드 개발자 국내최대 모바일 플랫폼 대기업 계열사,,서울 잠실역,https://kr.indeed.com/%EC%B1%84%EC%9A%A9%EB%B3%B4%EA%B8%B0?jk=6dcb5f6bf1ffa323
기간제 직원 채용[대외접속업무 개발/운용],코스콤,서울 여의도,https://kr.indeed.com/%EC%B1%84%EC%9A%A9%EB%B3%B4%EA%B8%B0?jk=e0acfd7bc1dfe98b
React Native Developer (Global),Toss,서울,https://kr.indeed.com/%EC%B1%84%EC%9A%A9%EB%B3%B4%EA%B8%B0?jk=9479b6a8a43d32f0
[환경가전 대기업] IT개발실 Front-end 개발팀 팀장급 (과장~부장),커리어라임즈,서울 구로구,https://kr.indeed.com/%EC%B1%84%EC%9A%A9%EB%B3%B4%EA%B8%B0?jk=d8d1f42a232f4459
프론트엔드(Front-end) 개발자님 정중히 (react-native),위솝,서울 마포구,https://kr.indeed.com/%EC%B1%84%EC%9A%A9%EB%B3%B4%EA%B8%B0?jk=b226536a79e18737
e-스포츠 서비스개발 및 운영,아프리카TV,경기도 성남,https://kr.indeed.com/%EC%B1%84%EC%9A%A9%EB%B3%B4%EA%B8%B0?jk=c308cc7324784382
[Vision AI] Front-end 개발자 모집,엔씨소프트,성남 판교역,https://kr.indeed.com/%EC%B1%84%EC%9A%A9%EB%B3%B4%EA%B8%B0?jk=f49d76ad223cd4c4
기간제 직원 채용[기반기술],코스콤,서울 여의도,https://kr.indeed.com/%EC%B1%84%EC%9A%A9%EB%B3%B4%EA%B8%B0?jk=5c28f29e380d2199
크로스플랫폼 (React Native App) 개발자,에임메드,서울 강남구,https://kr.indeed.com/%EC%B1%84%EC%9A%A9%EB%B3%B4%EA%B8%B0?jk=e7abfe75808ecb33
[SNOW] Server 백엔드 개발자,네이버,서울,https://kr.indeed.com/%EC%B1%84%EC%9A%A9%EB%B3%B4%EA%B8%B0?jk=28a163cee46d9d61
(주)푸른새벽 웹/앱 프로그래머 팀원,푸른새벽,서울 영등포구,https://kr.indeed.com/%EC%B1%84%EC%9A%A9%EB%B3%B4%EA%B8%B0?jk=a14fe79cc82d9033
React Native Developer,아우름플래닛,서울 마포구,https://kr.indeed.com/%EC%B1%84%EC%9A%A9%EB%B3%B4%EA%B8%B0?jk=59c9ee6a635c251a
[2022 전문연구요원] Programming - 서비스 플랫폼 개발,엔씨소프트,성남 판교역,https://kr.indeed.com/%EC%B1%84%EC%9A%A9%EB%B3%B4%EA%B8%B0?jk=aad13961b12efb3d
Front-End 개발자 (인재 Pool),LG유플러스,서울특별시,https://kr.indeed.com/%EC%B1%84%EC%9A%A9%EB%B3%B4%EA%B8%B0?jk=da008a27aff6bb44
PM/PL & 데이터분석가 & 일반영업 정규직,데이터누리,서울 강서구,https://kr.indeed.com/%EC%B1%84%EC%9A%A9%EB%B3%B4%EA%B8%B0?jk=b92aa9fa4dd865f2
[Manta] 모바일 앱 엔지니어,RIDI Corp,서울,https://kr.indeed.com/%EC%B1%84%EC%9A%A9%EB%B3%B4%EA%B8%B0?jk=78c216dc858e6c42
"웹디자이너, 프론트엔드 개발 정규직",데이터누리,서울 강서구,https://kr.indeed.com/%EC%B1%84%EC%9A%A9%EB%B3%B4%EA%B8%B0?jk=d9b3ada0c63296ff
Web FrontEnd개발자 모집,알서포트,서울 몽촌토성역,https://kr.indeed.com/%EC%B1%84%EC%9A%A9%EB%B3%B4%EA%B8%B0?jk=325fdeb1c842ea48
[SSG/서비스] 프론트엔드/UI 개발자,에스에스지닷컴,서울 회현동,https://kr.indeed.com/%EC%B1%84%EC%9A%A9%EB%B3%B4%EA%B8%B0?jk=e953849fe152e454
기간제 직원 채용[네트워크],코스콤,서울 여의도,https://kr.indeed.com/%EC%B1%84%EC%9A%A9%EB%B3%B4%EA%B8%B0?jk=256bb22d78c3f46e
기간제 직원 채용[인프라],코스콤,서울 여의도,https://kr.indeed.com/%EC%B1%84%EC%9A%A9%EB%B3%B4%EA%B8%B0?jk=8e484fc85a5765c9
기간제 직원 채용[청산결제],코스콤,서울 여의도,https://kr.indeed.com/%EC%B1%84%EC%9A%A9%EB%B3%B4%EA%B8%B0?jk=550ce7bf7e182a1d
기간제 직원 채용[매매체결],코스콤,서울 여의도,https://kr.indeed.com/%EC%B1%84%EC%9A%A9%EB%B3%B4%EA%B8%B0?jk=ebf7084a9e3fccf3
기간제 직원 채용[통합콜센터],코스콤,서울 여의도,https://kr.indeed.com/%EC%B1%84%EC%9A%A9%EB%B3%B4%EA%B8%B0?jk=0033823d4a02fd9c
기간제 직원 채용[Back-End 개발],코스콤,서울 여의도,https://kr.indeed.com/%EC%B1%84%EC%9A%A9%EB%B3%B4%EA%B8%B0?jk=47474a6798d5910f
아이들나라 Front-End 개발자,LG유플러스,서울특별시,https://kr.indeed.com/%EC%B1%84%EC%9A%A9%EB%B3%B4%EA%B8%B0?jk=ac9640e36223a420
YW모바일 안드로이드 개발 엔지니어,와이더블유모바일,서울 강남구,https://kr.indeed.com/%EC%B1%84%EC%9A%A9%EB%B3%B4%EA%B8%B0?jk=26d8574678f3eebe
Frontend 개발자,플리토,서울 강남구,https://kr.indeed.com/%EC%B1%84%EC%9A%A9%EB%B3%B4%EA%B8%B0?jk=cb85566aedd4d1cf
[PAYCO] 핀테크 개발/기획,NHN PAYCO] [PAYCO,성남 판교역,https://kr.indeed.com/%EC%B1%84%EC%9A%A9%EB%B3%B4%EA%B8%B0?jk=e546effb1f55066c
프론트엔드개발자,엠서클,서울 삼성동,https://kr.indeed.com/%EC%B1%84%EC%9A%A9%EB%B3%B4%EA%B8%B0?jk=5dd6fdaf61e11692
기간제 직원 채용[Front 개발],코스콤,서울 여의도,https://kr.indeed.com/%EC%B1%84%EC%9A%A9%EB%B3%B4%EA%B8%B0?jk=77207b97427a68a0
기간제 직원 채용[지수산출업무 설계·운용],코스콤,서울 여의도,https://kr.indeed.com/%EC%B1%84%EC%9A%A9%EB%B3%B4%EA%B8%B0?jk=d3f44da2dc4b8e55
AI 서비스 Front-End 개발자 모집,엔씨소프트,성남 판교역,https://kr.indeed.com/%EC%B1%84%EC%9A%A9%EB%B3%B4%EA%B8%B0?jk=f5baec1f82239e1a
Web Front-End Engineer,뱅크샐러드,서울 영등포구,https://kr.indeed.com/%EC%B1%84%EC%9A%A9%EB%B3%B4%EA%B8%B0?jk=b200aad8187f4974
쓰담 Server Developer,노마드스타,서울 서초구,https://kr.indeed.com/%EC%B1%84%EC%9A%A9%EB%B3%B4%EA%B8%B0?jk=21f32b8f1827025d
백엔드 개발 정규직 경력사원(5년 이하),포티투마루,서울 관악구,https://kr.indeed.com/%EC%B1%84%EC%9A%A9%EB%B3%B4%EA%B8%B0?jk=e156570e477aea13
올리브 핀테크 함께 일하실 CTO,올리브핀테크,서울 서초구,https://kr.indeed.com/%EC%B1%84%EC%9A%A9%EB%B3%B4%EA%B8%B0?jk=89f3b0bb67aad471
[비즈인프라FE파트/FE플랫폼팀] 비즈니스 서비스 프론트엔드 개발자 모집,카카오,성남 판교역,https://kr.indeed.com/%EC%B1%84%EC%9A%A9%EB%B3%B4%EA%B8%B0?jk=5fc79dddefd44910
"(주)비브이씨, 프론트엔드 개발자 (정규직/유연근무제)",비브이씨,서울 마포구,https://kr.indeed.com/%EC%B1%84%EC%9A%A9%EB%B3%B4%EA%B8%B0?jk=d235f23251ca7052
"웹프로그램(JSP, JAVA) / 서버 개발자",레어소프트,서울 금천구,https://kr.indeed.com/%EC%B1%84%EC%9A%A9%EB%B3%B4%EA%B8%B0?jk=0b84d323946f5d72
[TmaxOS/R&D] OS부문 개발자,티맥스소프트,성남 분당구,https://kr.indeed.com/%EC%B1%84%EC%9A%A9%EB%B3%B4%EA%B8%B0?jk=75c17bc2904bba52
[TmaxEnterprise/R&D] SuperCompany SaaS 개발자,티맥스소프트,성남 분당구,https://kr.indeed.com/%EC%B1%84%EC%9A%A9%EB%B3%B4%EA%B8%B0?jk=76272920b79a1697
[IT개발] 프론트엔드 개발자 모집 (팀장급),통로,서울,https://kr.indeed.com/%EC%B1%84%EC%9A%A9%EB%B3%B4%EA%B8%B0?jk=662da4e1acdd57e6
웹프론트엔드개발 경력 정규직,아이디엔디,서울 강남구,https://kr.indeed.com/%EC%B1%84%EC%9A%A9%EB%B3%B4%EA%B8%B0?jk=650d3bd94f998d19
IT개발운영/디지털광고사업,(주)케이티아이에스,서울 여의도역,https://kr.indeed.com/%EC%B1%84%EC%9A%A9%EB%B3%B4%EA%B8%B0?jk=2f8a7130cef28aa8
BT Application Engineer,聯發科技,경기도 성남,https://kr.indeed.com/%EC%B1%84%EC%9A%A9%EB%B3%B4%EA%B8%B0?jk=279a00f03151c229
웹 개발자 (Frontend Engineer - Web),Radish Fiction,서울,https://kr.indeed.com/%EC%B1%84%EC%9A%A9%EB%B3%B4%EA%B8%B0?jk=1786d0d5911c8345
다음 첫화면 유저웹서비스 개발자 모집,카카오,성남 판교역,https://kr.indeed.com/%EC%B1%84%EC%9A%A9%EB%B3%B4%EA%B8%B0?jk=4bc8772a2de19836
[AIMMO] Frontend Software Engineer 경력직,에이모,성남 분당구,https://kr.indeed.com/%EC%B1%84%EC%9A%A9%EB%B3%B4%EA%B8%B0?jk=3739334e11043c67
[대형보험사] 신사업부문 사이버보안 Frontend 개발자,커리어라임즈,서울 영등포구,https://kr.indeed.com/%EC%B1%84%EC%9A%A9%EB%B3%B4%EA%B8%B0?jk=4971bf61279a48d9
기간제 직원 채용[모바일서비스 기획],코스콤,서울 여의도,https://kr.indeed.com/%EC%B1%84%EC%9A%A9%EB%B3%B4%EA%B8%B0?jk=2d199ed8bd383673
기간제 직원 채용[솔루션상품 기획],코스콤,서울 여의도,https://kr.indeed.com/%EC%B1%84%EC%9A%A9%EB%B3%B4%EA%B8%B0?jk=6ef69d5f0c0f0876
웹퍼블리셔 신입/경력직 모집,텐바이텐,서울 연건동,https://kr.indeed.com/%EC%B1%84%EC%9A%A9%EB%B3%B4%EA%B8%B0?jk=d8f727bdc1e5073e
기간제 직원 채용[UI개발],코스콤,서울 여의도,https://kr.indeed.com/%EC%B1%84%EC%9A%A9%EB%B3%B4%EA%B8%B0?jk=cc45baf1e9596a61
"스마트폰 어플리케이션(App), 웹개발 외 경력 정규직",에이치랩,서울 금천구,https://kr.indeed.com/%EC%B1%84%EC%9A%A9%EB%B3%B4%EA%B8%B0?jk=d89bee33eb6a66b7
"ITS(지능형교통체계) 사업관련, 웹 개발자",라온로드,성남 야탑동,https://kr.indeed.com/%EC%B1%84%EC%9A%A9%EB%B3%B4%EA%B8%B0?jk=743b1f5f3a2c56a5
기간제 직원 채용[TA],코스콤,서울 여의도,https://kr.indeed.com/%EC%B1%84%EC%9A%A9%EB%B3%B4%EA%B8%B0?jk=d94c20c72772ccf7
2022년도 개발자 (신입/경력),서울소프트,서울 금천구,https://kr.indeed.com/%EC%B1%84%EC%9A%A9%EB%B3%B4%EA%B8%B0?jk=e46f9a5073d8cfea
React 개발 / 사원급(자동차 부품 제조 대기업),유어사이드,성남 분당구,https://kr.indeed.com/%EC%B1%84%EC%9A%A9%EB%B3%B4%EA%B8%B0?jk=09908764b8bb0fbe
Director of Software Development,Xsolla,서울 강남구,https://kr.indeed.com/%EC%B1%84%EC%9A%A9%EB%B3%B4%EA%B8%B0?jk=715cd1df75e15276
프론트엔드 개발자,엘리스,서울 강남구,https://kr.indeed.com/%EC%B1%84%EC%9A%A9%EB%B3%B4%EA%B8%B0?jk=a0c065f80e75d855
(주)엘솔루 웹 개발자,㈜엘솔루,서울,https://kr.indeed.com/%EC%B1%84%EC%9A%A9%EB%B3%B4%EA%B8%B0?jk=a330ed86ccff2a9b
[Front-End] 데이터 시각화 기반 웹 서비스 개발자 모집,엔씨소프트,성남 판교역,https://kr.indeed.com/%EC%B1%84%EC%9A%A9%EB%B3%B4%EA%B8%B0?jk=a3703dd4d855ac82
[PAYCO] 서비스 개발,NHN PAYCO] [PAYCO,성남 판교역,https://kr.indeed.com/%EC%B1%84%EC%9A%A9%EB%B3%B4%EA%B8%B0?jk=adc31a3be50d31fb
[신사업부문] 마크업개발자 경력채용,한화그룹,서울,https://kr.indeed.com/%EC%B1%84%EC%9A%A9%EB%B3%B4%EA%B8%B0?jk=adf8c34ff4f7d73d
웹디자이너/프런트개발자분 (이커머스 스타트업),더블아이즈,서울 용산구,https://kr.indeed.com/%EC%B1%84%EC%9A%A9%EB%B3%B4%EA%B8%B0?jk=9521fbf0adbf1536
솔루션개발 수시 채용,한미헬스케어,서울 방이동,https://kr.indeed.com/%EC%B1%84%EC%9A%A9%EB%B3%B4%EA%B8%B0?jk=a170a94d090ac627
여행 좋아하는 경력직(4년 이상) 개발자,메리홀리데이,서울 강남구,https://kr.indeed.com/%EC%B1%84%EC%9A%A9%EB%B3%B4%EA%B8%B0?jk=5352cf066e6ae2cc
광고플랫폼개발 신입사원 채용,11번가,서울 남대문로5가,https://kr.indeed.com/%EC%B1%84%EC%9A%A9%EB%B3%B4%EA%B8%B0?jk=902f2f5efc89e318
[B TF] 클라이언트 React-Native 개발자 영입,카카오페이,성남 분당구,https://kr.indeed.com/%EC%B1%84%EC%9A%A9%EB%B3%B4%EA%B8%B0?jk=bda7accb52b76e52
"[협업툴] Front-End 개발(javascript, React.js, React Native 중, 하나)",콜라비팀,서울 강남구,https://kr.indeed.com/%EC%B1%84%EC%9A%A9%EB%B3%B4%EA%B8%B0?jk=04bfd9f54ac86232
신규 서비스 개발 및 개발 지원 업무,한국사이버결제,서울 구로구,https://kr.indeed.com/%EC%B1%84%EC%9A%A9%EB%B3%B4%EA%B8%B0?jk=018594896cda9e24
SR. SOFTWARE ENGINEER - FRONTEND,"ODK Media, Inc.",서울 강남구,https://kr.indeed.com/%EC%B1%84%EC%9A%A9%EB%B3%B4%EA%B8%B0?jk=b1d1f8ca120e3bd9
"Senior, Front-end engineer (New Project)",Coupang,서울,https://kr.indeed.com/%EC%B1%84%EC%9A%A9%EB%B3%B4%EA%B8%B0?jk=f74706ae1131a554
DB Engineer 모집,카카오,성남 판교역,https://kr.indeed.com/%EC%B1%84%EC%9A%A9%EB%B3%B4%EA%B8%B0?jk=9d2eee513761aded
프론트엔드 엔지니어 (웹 퍼블리셔),주식회사 세이브앤코 관심기업,서울 신사동,https://kr.indeed.com/%EC%B1%84%EC%9A%A9%EB%B3%B4%EA%B8%B0?jk=fe4a032d6ed06615
Application Developer- Openshift,IBM,서울,https://kr.indeed.com/%EC%B1%84%EC%9A%A9%EB%B3%B4%EA%B8%B0?jk=5fe3616ee3f6a266
[마이다스인] 프론트엔드 개발자 채용,마이다스아이티,성남 삼평동,https://kr.indeed.com/%EC%B1%84%EC%9A%A9%EB%B3%B4%EA%B8%B0?jk=edb182ba35476253
"MVP 개발 엔지니어(서버, 웹프론트) (정규직, 계약직, 프리랜서)",더테스터,대전 중구,https://kr.indeed.com/%EC%B1%84%EC%9A%A9%EB%B3%B4%EA%B8%B0?jk=1748baa27965fdbf
개발부문 경력직 채용,한솔인티큐브,서울 상암동,https://kr.indeed.com/%EC%B1%84%EC%9A%A9%EB%B3%B4%EA%B8%B0?jk=861c63957dea8ffb
AI 인공지능 서비스 플랫폼 개발자,코그넷나인,서울 서초구,https://kr.indeed.com/%EC%B1%84%EC%9A%A9%EB%B3%B4%EA%B8%B0?jk=d4fedbedf819ba56
[커머스 플랫폼] 프론트엔드 엔지니어,버즈니,서울,https://kr.indeed.com/%EC%B1%84%EC%9A%A9%EB%B3%B4%EA%B8%B0?jk=d8bc9fb2b215fb70
[라오스 소재/글로벌 중견기업] 개발 총괄 CTO 초빙,TrueHR,대한민국,https://kr.indeed.com/%EC%B1%84%EC%9A%A9%EB%B3%B4%EA%B8%B0?jk=bae7d8211aa8c70f
200만 팔레토 개발사 프론트엔드 개발요원,앤드,서울 구로동,https://kr.indeed.com/%EC%B1%84%EC%9A%A9%EB%B3%B4%EA%B8%B0?jk=103ba7e9cbf251d5
3분기 자동화CIC 신입/경력 채용[R&D],LS일렉트릭,안양 동안구,https://kr.indeed.com/%EC%B1%84%EC%9A%A9%EB%B3%B4%EA%B8%B0?jk=6f6c77e512aa0fed
[인공지능기업] 병역특례 산업기능요원 (SW개발자),머니브레인,서울,https://kr.indeed.com/%EC%B1%84%EC%9A%A9%EB%B3%B4%EA%B8%B0?jk=d3a6ba916d772b85
Web 개발 직원 구인,윌러스,서울 서초동,https://kr.indeed.com/%EC%B1%84%EC%9A%A9%EB%B3%B4%EA%B8%B0?jk=90ff76b4c89fb2a8
웹 개발 직원 충원,라온로드,성남 분당구,https://kr.indeed.com/%EC%B1%84%EC%9A%A9%EB%B3%B4%EA%B8%B0?jk=ad895f147de342f4
React Native Engineer_메타버스 서비스 개발,Dunamu,서울,https://kr.indeed.com/%EC%B1%84%EC%9A%A9%EB%B3%B4%EA%B8%B0?jk=079ce8cc0255137f
모바일 React Native 개발 경력 정규직,패스트림,서울 서초구,https://kr.indeed.com/%EC%B1%84%EC%9A%A9%EB%B3%B4%EA%B8%B0?jk=6d9876dce5e908f4
하이브리드 앱 개발자,밋잇챗,서울 역삼동,https://kr.indeed.com/%EC%B1%84%EC%9A%A9%EB%B3%B4%EA%B8%B0?jk=ba68cf9c91dc27c0
약문약답과 함께 성장할 프론트엔드 SW 개발자,약문약답,성남 분당구,https://kr.indeed.com/%EC%B1%84%EC%9A%A9%EB%B3%B4%EA%B8%B0?jk=02b692efa5de2722
Software Engineer,Boston Consulting Group,서울,https://kr.indeed.com/%EC%B1%84%EC%9A%A9%EB%B3%B4%EA%B8%B0?jk=eff6d38d4767ff87
React-Native 크로스 플랫폼 앱 서비스 개발(경력 3년이상),시스메틱,서울 영등포구,https://kr.indeed.com/%EC%B1%84%EC%9A%A9%EB%B3%B4%EA%B8%B0?jk=983d800d82f36358
[TmaxAI/R&D] WAPL Pay Front-end 개발자,티맥스소프트,성남 분당구,https://kr.indeed.com/%EC%B1%84%EC%9A%A9%EB%B3%B4%EA%B8%B0?jk=ce7d9fa3c7b6e1dc
[신사업부문] 시니어 Frontend 개발자 경력채용,한화그룹,서울,https://kr.indeed.com/%EC%B1%84%EC%9A%A9%EB%B3%B4%EA%B8%B0?jk=f88f18a7918f235e
10월 Backend 개발 경력 공채,11번가,서울 남대문로5가,https://kr.indeed.com/%EC%B1%84%EC%9A%A9%EB%B3%B4%EA%B8%B0?jk=1f1726be215da368
"[내일애-2차 청년스타트업] (주)콘스탄트 개발, 디자인 직원",콘스탄트,서울 마포구,https://kr.indeed.com/%EC%B1%84%EC%9A%A9%EB%B3%B4%EA%B8%B0?jk=f1c326e9041a027c
[인공지능기업] 병역특례 산업기능요원 (SW개발자),머니브레인,서울,https://kr.indeed.com/%EC%B1%84%EC%9A%A9%EB%B3%B4%EA%B8%B0?jk=d3a6ba916d772b85
Sr. Front-end Engineer (Javascript),Soomgo,서울 강남구,https://kr.indeed.com/%EC%B1%84%EC%9A%A9%EB%B3%B4%EA%B8%B0?jk=bade80833bbd0926
여행 좋아하는 경력직(4년 이상) 개발자,메리홀리데이,서울 강남구,https://kr.indeed.com/%EC%B1%84%EC%9A%A9%EB%B3%B4%EA%B8%B0?jk=5352cf066e6ae2cc
오픈소스 관리 서비스(Olive Platform) 개발자 모집,카카오,성남 판교역,https://kr.indeed.com/%EC%B1%84%EC%9A%A9%EB%B3%B4%EA%B8%B0?jk=6118ad0bda554908
Director of Software Development,Xsolla,서울 강남구,https://kr.indeed.com/%EC%B1%84%EC%9A%A9%EB%B3%B4%EA%B8%B0?jk=715cd1df75e15276
Cloud/CDN분야 경력사원 채용,GS네오텍,서울 구로동,https://kr.indeed.com/%EC%B1%84%EC%9A%A9%EB%B3%B4%EA%B8%B0?jk=4b4db68adc257a39
[위메프오] 프론트엔드 개발자,위메프,대한민국,https://kr.indeed.com/%EC%B1%84%EC%9A%A9%EB%B3%B4%EA%B8%B0?jk=862a3e5756435e29
약문약답과 함께 성장할 프론트엔드 SW 개발자,약문약답,성남 분당구,https://kr.indeed.com/%EC%B1%84%EC%9A%A9%EB%B3%B4%EA%B8%B0?jk=02b692efa5de2722
"웹디자이너, 프론트엔드 개발 정규직",데이터누리,서울 강서구,https://kr.indeed.com/%EC%B1%84%EC%9A%A9%EB%B3%B4%EA%B8%B0?jk=d9b3ada0c63296ff
"[내일애-2차 청년스타트업] (주)콘스탄트 개발, 디자인 직원",콘스탄트,서울 마포구,https://kr.indeed.com/%EC%B1%84%EC%9A%A9%EB%B3%B4%EA%B8%B0?jk=f1c326e9041a027c
데이터플랫폼 개발자 모집,넷마블,서울 구로구,https://kr.indeed.com/%EC%B1%84%EC%9A%A9%EB%B3%B4%EA%B8%B0?jk=274bab0c5c8dd68e
Cross Border Ecommerce - Team Assistant,Shopee,서울,https://kr.indeed.com/%EC%B1%84%EC%9A%A9%EB%B3%B4%EA%B8%B0?jk=9b6da5322b0d3531
웹 백엔드 개발 직원 구인,한국정보공학,성남 서현동,https://kr.indeed.com/%EC%B1%84%EC%9A%A9%EB%B3%B4%EA%B8%B0?jk=67c6e27b63770338
Cloud Platform Product Manager,Harman International,서울,https://kr.indeed.com/%EC%B1%84%EC%9A%A9%EB%B3%B4%EA%B8%B0?jk=e6c38161f46279e7
Senior Software Engineer - (AdClient),Tapjoy,서울,https://kr.indeed.com/%EC%B1%84%EC%9A%A9%EB%B3%B4%EA%B8%B0?jk=42d85e1be599f656
[주식회사 아로스레드][아로스레드] 블록체인 NFT 관련 개발자,아로스레드,서울 서초구,https://kr.indeed.com/%EC%B1%84%EC%9A%A9%EB%B3%B4%EA%B8%B0?jk=969e78276e6cbfba
하이브리드 앱 개발자,밋잇챗,서울 역삼동,https://kr.indeed.com/%EC%B1%84%EC%9A%A9%EB%B3%B4%EA%B8%B0?jk=ba68cf9c91dc27c0
웹 개발 직원 충원,라온로드,성남 분당구,https://kr.indeed.com/%EC%B1%84%EC%9A%A9%EB%B3%B4%EA%B8%B0?jk=ad895f147de342f4
웹 개발 담당자 경력 채용,동아출판,서울 여의도,https://kr.indeed.com/%EC%B1%84%EC%9A%A9%EB%B3%B4%EA%B8%B0?jk=1183c83eebc8cf21
React Native Engineer_메타버스 서비스 개발,Dunamu,서울,https://kr.indeed.com/%EC%B1%84%EC%9A%A9%EB%B3%B4%EA%B8%B0?jk=079ce8cc0255137f
솔루션개발 수시 채용,한미헬스케어,서울 방이동,https://kr.indeed.com/%EC%B1%84%EC%9A%A9%EB%B3%B4%EA%B8%B0?jk=a170a94d090ac627
웹 백엔드 엔지니어 (경력),Nearthlab,서울 역삼역,https://kr.indeed.com/%EC%B1%84%EC%9A%A9%EB%B3%B4%EA%B8%B0?jk=6e4076550774669d
기술 통해서 문화 만들 수 있는 개발자,옥토칼럼,대한민국,https://kr.indeed.com/%EC%B1%84%EC%9A%A9%EB%B3%B4%EA%B8%B0?jk=60a950bf1781acbb
[신사업부문] 마크업개발자 경력채용,한화그룹,서울,https://kr.indeed.com/%EC%B1%84%EC%9A%A9%EB%B3%B4%EA%B8%B0?jk=adf8c34ff4f7d73d
기간제 직원 채용[KOSMOS NEO 화면개발],코스콤,서울 여의도,https://kr.indeed.com/%EC%B1%84%EC%9A%A9%EB%B3%B4%EA%B8%B0?jk=6055e6b06c1e0ea1
200만 팔레토 개발사 프론트엔드 개발요원,앤드,서울 구로동,https://kr.indeed.com/%EC%B1%84%EC%9A%A9%EB%B3%B4%EA%B8%B0?jk=103ba7e9cbf251d5
백엔드 개발자,Bagelcode,서울,https://kr.indeed.com/%EC%B1%84%EC%9A%A9%EB%B3%B4%EA%B8%B0?jk=b467d3e1b340c517
[NAVER Z] Framework 프론트엔드 모집,스노우,성남 백현동,https://kr.indeed.com/%EC%B1%84%EC%9A%A9%EB%B3%B4%EA%B8%B0?jk=920676bb9a53259c
웹디자이너/프런트개발자분 (이커머스 스타트업),더블아이즈,서울 용산구,https://kr.indeed.com/%EC%B1%84%EC%9A%A9%EB%B3%B4%EA%B8%B0?jk=9521fbf0adbf1536
백엔드 개발 정규직 경력사원(5년 이하),포티투마루,서울 관악구,https://kr.indeed.com/%EC%B1%84%EC%9A%A9%EB%B3%B4%EA%B8%B0?jk=e156570e477aea13
신규 게임 웹사이트 프론트엔드 개발자 (경력),네오위즈,대한민국,https://kr.indeed.com/%EC%B1%84%EC%9A%A9%EB%B3%B4%EA%B8%B0?jk=82368a4950a852c8
[인재 POOL ] 개발자 상시,NHN COMMERCE] [인재 POOL 등록,서울 구로구,https://kr.indeed.com/%EC%B1%84%EC%9A%A9%EB%B3%B4%EA%B8%B0?jk=3769c08586c04026
Korea - Site Reliability Engineering Lead,Nike,서울,https://kr.indeed.com/%EC%B1%84%EC%9A%A9%EB%B3%B4%EA%B8%B0?jk=3ee36bdc09e03808
[Front-end] 사내 정보 시스템 웹 개발자 모집,엔씨소프트,성남 판교역,https://kr.indeed.com/%EC%B1%84%EC%9A%A9%EB%B3%B4%EA%B8%B0?jk=5106b9654cefa2ab
Frontend 개발,Success Korea,성남 판교역,https://kr.indeed.com/%EC%B1%84%EC%9A%A9%EB%B3%B4%EA%B8%B0?jk=1abecf8b9dc78e89
YW모바일 안드로이드 개발 엔지니어,와이더블유모바일,서울 강남구,https://kr.indeed.com/%EC%B1%84%EC%9A%A9%EB%B3%B4%EA%B8%B0?jk=26d8574678f3eebe
프론트엔드웹퍼블리셔,엠서클,서울 삼성동,https://kr.indeed.com/%EC%B1%84%EC%9A%A9%EB%B3%B4%EA%B8%B0?jk=fe8e7eb4cc5b4bf5
개발부문 경력직 채용,한솔인티큐브,서울 상암동,https://kr.indeed.com/%EC%B1%84%EC%9A%A9%EB%B3%B4%EA%B8%B0?jk=861c63957dea8ffb
[신사업부문] 시니어 Frontend 개발자 경력채용,한화그룹,서울,https://kr.indeed.com/%EC%B1%84%EC%9A%A9%EB%B3%B4%EA%B8%B0?jk=f88f18a7918f235e
광고플랫폼개발 신입사원 채용,11번가,서울 남대문로5가,https://kr.indeed.com/%EC%B1%84%EC%9A%A9%EB%B3%B4%EA%B8%B0?jk=902f2f5efc89e318
[신입/경력] 프론트엔드/퍼블리싱 웹 개발자,파인헬스케어,서울 성동구,https://kr.indeed.com/%EC%B1%84%EC%9A%A9%EB%B3%B4%EA%B8%B0?jk=fd7cd106f4d1b498
개발자(백엔드),레이즈지엘에스,서울 서초동,https://kr.indeed.com/%EC%B1%84%EC%9A%A9%EB%B3%B4%EA%B8%B0?jk=e8e60d7b06fd0aa0
웹 프론트엔드 개발 국내 모빌리티 서비스 기업,,대한민국,https://kr.indeed.com/%EC%B1%84%EC%9A%A9%EB%B3%B4%EA%B8%B0?jk=242ad49e8ec36df7
(주)엘솔루 웹 개발자,㈜엘솔루,서울,https://kr.indeed.com/%EC%B1%84%EC%9A%A9%EB%B3%B4%EA%B8%B0?jk=a330ed86ccff2a9b
[미들맨인터내셔널][도약장려금] 블록체인/메타버스 연구 서비스 개발자 (신입/경력),미들맨인터내셔널,서울 양재동,https://kr.indeed.com/%EC%B1%84%EC%9A%A9%EB%B3%B4%EA%B8%B0?jk=400b118b1e08fbd0
9월 Backend 개발 경력공채,11번가,서울 남대문로5가,https://kr.indeed.com/%EC%B1%84%EC%9A%A9%EB%B3%B4%EA%B8%B0?jk=4c7f794b27b4768b
Web 개발 직원 구인,윌러스,서울 서초동,https://kr.indeed.com/%EC%B1%84%EC%9A%A9%EB%B3%B4%EA%B8%B0?jk=90ff76b4c89fb2a8
"MVP 개발 엔지니어(서버, 웹프론트) (정규직, 계약직, 프리랜서)",더테스터,대전 중구,https://kr.indeed.com/%EC%B1%84%EC%9A%A9%EB%B3%B4%EA%B8%B0?jk=1748baa27965fdbf
Klip - jr. Frontend Development,Success Korea,서울,https://kr.indeed.com/%EC%B1%84%EC%9A%A9%EB%B3%B4%EA%B8%B0?jk=c7026c0465fe4f69
10월 Backend 개발 경력 공채,11번가,서울 남대문로5가,https://kr.indeed.com/%EC%B1%84%EC%9A%A9%EB%B3%B4%EA%B8%B0?jk=1f1726be215da368
Senior Software Engineer (React),Higher Logic,"Montreal, QC, Canada",https://stackoverflow.com/jobs/536301
Senior Software Engineer - React Native,uShip,"Austin, TX",https://stackoverflow.com/jobs/550764
React Native Developer (Remote),X-Team,No office location,https://stackoverflow.com/jobs/534458
(Junior) React Front-End Developer,Jacando AG,"Basel, Schweiz",https://stackoverflow.com/jobs/565270
Full Stack Java/React Developer,Portland Webworks,"Portland, ME",https://stackoverflow.com/jobs/524803
(Senior) Frontend Engineer | Angular or React | Barcelona,Dynatrace,"Barcelona, Spain",https://stackoverflow.com/jobs/559775
Remote Experienced Frontend Engineer - React,"TheoremOne, LLC",No office location,https://stackoverflow.com/jobs/562427
Senior React Engineer / Mobile Software Developer (Remote),Branding Brand,No office location,https://stackoverflow.com/jobs/546545
(Senior) Full-Stack Web Developer - React | Typescript | Python | Kubernetes,Dynatrace,"Wien, Austria",https://stackoverflow.com/jobs/559763
Frontend React.js Developer (Remote),Soshace LLC,No office location,https://stackoverflow.com/jobs/566207
React Developer - DWH team,Supermetrics Oy,"Helsinki, Finland",https://stackoverflow.com/jobs/565838
Front End Developer-React,RumbleOn,"Irving, TX",https://stackoverflow.com/jobs/565905
Full-Stack Software Engineer (React/Node - Integrations/API),Articulate Inc.,No office location,https://stackoverflow.com/jobs/504249
React Native / Node.js Full Stack Developer,Food Revolution Network,"Santa Cruz, CA",https://stackoverflow.com/jobs/565956
Software Engineer – JavaScript + React,zooplus AG,"Kraków, Poland",https://stackoverflow.com/jobs/545496
Junior Frontend (TypeScript / React) Engineer (m/f/x),Alasco,"München, Germany",https://stackoverflow.com/jobs/559738
Frontend developer (NextJS/React) with a passion for open source,5 Monkeys Agency ABvia5 Monkeys Agency AB,"Stockholm, Sweden",https://stackoverflow.com/jobs/565995
Full-Stack Javascript Developer (Node.js / React / Next.js),OOZOU,No office location,https://stackoverflow.com/jobs/565669
App Engineer - React Native,Joint Academy,"Malmo, Sweden",https://stackoverflow.com/jobs/558398
React Developer (Remote),X-Team,No office location,https://stackoverflow.com/jobs/534457
Senior React Engineer,RV LIFE,No office location,https://stackoverflow.com/jobs/565949
"Full Stack Engineer (Java, React) - Remote/US Based",Modus Create,No office location,https://stackoverflow.com/jobs/559041
React Software Engineer @ Nozomi Networks,Nozomi Networks,"Mendrisio, Switzerland",https://stackoverflow.com/jobs/526403
React Front End Developer,"Daupler, Inc.","Kansas City, MO",https://stackoverflow.com/jobs/523351
"Front End Engineer (React, Typescript)",Modus Create,No office location,https://stackoverflow.com/jobs/565852
"Senior Frontend Engineer React, vanilla JavaScript, CSS, C3 (m/f/d)",LIQID Investments GmbH,"Berlin, Deutschland",https://stackoverflow.com/jobs/566193
Junior Frontend (TypeScript / React) Engineer (m/f/x),Alasco,"München, Germany",https://stackoverflow.com/jobs/559738
Frontend developer (NextJS/React) with a passion for open source,5 Monkeys Agency ABvia5 Monkeys Agency AB,"Stockholm, Sweden",https://stackoverflow.com/jobs/565995
React Developer - DWH team,Supermetrics Oy,"Helsinki, Finland",https://stackoverflow.com/jobs/565838
Full-Stack Javascript Developer (Node.js / React / Next.js),OOZOU,No office location,https://stackoverflow.com/jobs/565669
App Engineer - React Native,Joint Academy,"Malmo, Sweden",https://stackoverflow.com/jobs/558398
Senior React Engineer,RV LIFE,No office location,https://stackoverflow.com/jobs/565949
"Full Stack Engineer (Java, React) - Remote/US Based",Modus Create,No office location,https://stackoverflow.com/jobs/559041
React Front End Developer,"Daupler, Inc.","Kansas City, MO",https://stackoverflow.com/jobs/523351
Frontend Developer (m/w/d) ReactJS,NETZSCH Process Intelligence GmbH,"Selb, Deutschland",https://stackoverflow.com/jobs/565601
"Front End Engineer (React, Typescript)",Modus Create,No office location,https://stackoverflow.com/jobs/565852
Principal Full Stack Developer (f/m/x) React & Node.js,Cosuno,"Berlin, Germany",https://stackoverflow.com/jobs/522359
*REMOTE* React.js (Node.js) TypeScript FE/FS Engineer (m/f/x)-Global Marketplace,"AVANTGARDE - ""Creating Fans""",No office location,https://stackoverflow.com/jobs/433429
Senior Web Developer - Node/ReactJS,komoot,No office location,https://stackoverflow.com/jobs/566222
"Senior Frontend Developer (gn) React, TypeScript, GraphQL",LichtBlick SE,"Hamburg, Germany",https://stackoverflow.com/jobs/557615
Typescript/React expert (+3 years),Prezly,No office location,https://stackoverflow.com/jobs/546669
"Frontend Engineer React, vanilla JavaScript, CSS (m/f/d)",LIQID Investments GmbH,"Berlin, Deutschland",https://stackoverflow.com/jobs/566192
React Native Engineer,Picnic,"Amsterdam, Netherlands",https://stackoverflow.com/jobs/174497
Développeur Elm/Typescript React/Angular (F/H),Thegreendata,"Paris, France",https://stackoverflow.com/jobs/528472
"Senior Web Engineer | TypeScript, React.js, Next.js | High Traffic E-commerce",Dé VakantieDiscounter,"Amsterdam, Netherlands",https://stackoverflow.com/jobs/557189
Senior Frontend (TypeScript / React) Engineer (m/f/x),Alasco,"München, Germany",https://stackoverflow.com/jobs/559739
Software Engineer – React,LifeOmic,"Indianapolis, IN",https://stackoverflow.com/jobs/519007
Front-end Developer (React),Shypple,"Rotterdam, Netherlands",https://stackoverflow.com/jobs/315697
Full Stack Engineer (React & Django),Sector Labs,"Cluj-Napoca, Romania",https://stackoverflow.com/jobs/518486
"Senior Full-Stack Scala Developer | ZIO, Spark, TypeScript, React",Dé VakantieDiscounter,"Amsterdam, Netherlands",https://stackoverflow.com/jobs/524019
"SENIOR FULL-STACK DEV WITH RUBY / PYTHON / REACT NATIVE -- 100% REMOTE, FLEXIBLE",Analytics Fire,No office location,https://stackoverflow.com/jobs/517987
A Full Stack Developer (JS/ React+Java) for a top user-generated travel website,Pentalog,"Guadalajara, Mexico",https://stackoverflow.com/jobs/555641
Senior Mobile Engineer - React Native,Personio,"Dublin 2, Ireland",https://stackoverflow.com/jobs/565903
Pixel-Perfect Front End/React Developer -work Remotely for an Inc. 5000 Company!,OnePak Inc,No office location,https://stackoverflow.com/jobs/467318
Javascript Developer - React or Angular or VueJS,Arcanys,No office location,https://stackoverflow.com/jobs/551985
Fullstack Cloud Engineer (Python/React/AWS),Montash,No office location,https://stackoverflow.com/jobs/556128
"Senior Web Engineer | TypeScript, React.js, Next.js | High Traffic E-commerce",Dé VakantieDiscounter,"Amsterdam, Netherlands",https://stackoverflow.com/jobs/557189
"Tech Lead Full Stack - Check-out & Payments (Java, React, Kotlin)",AH Technology – Albert Heijn,"Zaandam, Netherlands",https://stackoverflow.com/jobs/551296
Senior React Developer,BET Software,"Umhlanga, South Africa",https://stackoverflow.com/jobs/562563
Frontend Developer (m/w/d) - React,codestryke GmbH,"München, Deutschland",https://stackoverflow.com/jobs/561551
R&D React Developer (F/HX),Klaxoon,"Rennes, France",https://stackoverflow.com/jobs/561439
Senior Software Engineer (Ruby on Rails & React),Home Chef,No office location,https://stackoverflow.com/jobs/519747
React Developer - Are you available for the most recognized sports retailer ?,Pentalog,No office location,https://stackoverflow.com/jobs/554216
Fullstack Web-Entwickler PHP/React (m/w/d) für E-Commerce Agentur aus Bremen,hmmh multimediahaus AG,No office location,https://stackoverflow.com/jobs/526714
React Native - work from home for a cutting-edge UK software startup (UK only),Axsy,No office location,https://stackoverflow.com/jobs/157276
Senior Frontend Engineer (React + Typescript),Bigblue,"Paris, France",https://stackoverflow.com/jobs/505291
Senior React Native Engineer,Pollen,"London, UK",https://stackoverflow.com/jobs/526174
React Native / Mobile Engineer (f/m/d),CoachHub GmbH,No office location,https://stackoverflow.com/jobs/504201
React/Javascript Frontend Senior Developer,Providus Technologies Limited,"Quatre Bornes, Mauritius",https://stackoverflow.com/jobs/518632
"Sr Full Stack Engineer - US & Canada Remote (.NET core, NoSQL, React, AWS)",Lone Wolf Technologies,No office location,https://stackoverflow.com/jobs/523487
Senior React Developer (m/w/d),reppa.net GmbH,"München, Deutschland",https://stackoverflow.com/jobs/365543
Senior React Developer | Contractor | Remote,Copado Strategic Services,No office location,https://stackoverflow.com/jobs/545086
Software Engineer II (Ruby on Rails & React),Home Chef,"Chicago, IL",https://stackoverflow.com/jobs/519780
Senior Fullstack Engineer (Python/Django/React)- #12 of Top-100 Marketplaces,StyleSeat,No office location,https://stackoverflow.com/jobs/561047
Frontend Entwickler (w/m/d) React / JavaScript - bundesweit & Homeoffice,objective partner AG,"Weinheim, Deutschland",https://stackoverflow.com/jobs/550884
"Arista Networks is hiring Front End Engineer for Dublin office(JS, React+Redux)","Arista Networks, Inc","Dublin, Ireland",https://stackoverflow.com/jobs/482910
Senior Full Stack Developer,Marketman LTD,"Ra'anana, Israel",https://stackoverflow.com/jobs/565623
"Senior QA Developer (JavaScript, Selenium)",IG Group,"Kraków, Poland",https://stackoverflow.com/jobs/536279
Staff Software Engineer,"SocialChorus, Inc.",No office location,https://stackoverflow.com/jobs/551470
Software Engineering Manager (Remote),Branding Brand,No office location,https://stackoverflow.com/jobs/546565
DevOps Cloud Engineer (Kubernetes) - Remote,IG Group,No office location,https://stackoverflow.com/jobs/532885
Java Software Engineer,IG Group,"London, UK",https://stackoverflow.com/jobs/555192
Senior Backend Developer,IG Group,"Kraków, Poland",https://stackoverflow.com/jobs/545281
Senior Backend Engineer (all genders),Elinvar GmbH,"Magdeburg, Germany",https://stackoverflow.com/jobs/542133
Senior iOS Developer (Swift / Objective-C) - Remote,IG Group,"London, UK",https://stackoverflow.com/jobs/530120
Senior Security Engineer,IG Group,"London, UK",https://stackoverflow.com/jobs/555193
Senior QA Developer,IG Group,"Kraków, Poland",https://stackoverflow.com/jobs/533832
Node.js Developer (Remote),Soshace LLC,No office location,https://stackoverflow.com/jobs/566208
Platform Operation Engineer,IG Group,"Kraków, Poland",https://stackoverflow.com/jobs/533129
Sr. Full Stack Engineer,"SocialChorus, Inc.",No office location,https://stackoverflow.com/jobs/523481
Lead Software Engineer (all genders),Elinvar GmbH,"Magdeburg, Germany",https://stackoverflow.com/jobs/555842
Senior Android Developer,IG Group,"Kraków, Poland",https://stackoverflow.com/jobs/545280
Android Engineer,"SocialChorus, Inc.",No office location,https://stackoverflow.com/jobs/526782
Engineering Manager (f/m/x),Zenjob,"Berlin, Germany",https://stackoverflow.com/jobs/553614
C# Developer für Webanwendungen (w/*/m),queo GmbH,"Dresden, Deutschland",https://stackoverflow.com/jobs/522414
"Senior Front-end Engineer, Automation",Gorgias,No office location,https://stackoverflow.com/jobs/552582
Senior Software Engineer - Cards,C2FO,"Leawood, KS",https://stackoverflow.com/jobs/538364
Fullstack Engineer (f/m/x),Zenjob,"Berlin, Germany",https://stackoverflow.com/jobs/552354
Senior iOS Developer,Marks & Spencer,"London, UK",https://stackoverflow.com/jobs/530984
Senior Software Engineer - Full Stack,C2FO,"Leawood, KS",https://stackoverflow.com/jobs/287269
